{"short_name":"PopSync","name":"PopSync - World Statistics","description":"Real-time world population and statistics tracker","icons":[{"src":"/icons/icon-72x72.jpg ","sizes":"72x72","type":"image/jpeg","purpose":"any maskable"},{"src":"/icons/icon-96x96.jpg","sizes":"96x96","type":"image/jpeg","purpose":"any maskable"},{"src":"/icons/icon-128x128.jpg","sizes":"128x128","type":"image/jpeg","purpose":"any maskable"},{"src":"/icons/icon-144x144.jpg","sizes":"144x144","type":"image/jpeg","purpose":"any maskable"},{"src":"/icons/icon-152x152.jpg","sizes":"152x152","type":"image/jpeg","purpose":"any maskable"},{"src":"/icons/icon-192x192.jpg","sizes":"192x192","type":"image/jpeg","purpose":"any maskable"},{"src":"/icons/icon-384x384.jpg","sizes":"384x384","type":"image/jpeg","purpose":"any maskable"},{"src":"/icons/icon-512x512.jpg","sizes":"512x512","type":"image/jpeg","purpose":"any maskable"}],"start_url":"/","scope":"/","display":"standalone","theme_color":"#667eea","background_color":"#ffffff","orientation":"portrait-primary","categories":["utilities","productivity"],"lang":"en-US","dir":"ltr"}